<?xml version="1.0" encoding="utf-8" ?>
<school>
  <student>
    <roll>101</roll>
    <name>
      <first-name>Anil</first-name>
      <last-name>Sharma</last-name>
    </name>
    <address>
      <street>
        22/10 Sri Nagar Road
      </street>
      <city>
        Ajmer
      </city>
      <state>
        Rajasthan
      </state>
    </address>
    <marks>
      85
    </marks>
   </student>
    <student>
    <roll>102</roll>
    <name>
      <first-name>Manoj</first-name>
      <last-name>Arora</last-name>
    </name>
    <address>
      <street>
        H.No 11-B Alwar Gate
      </street>
      <city>
        Ajmer
      </city>
      <state>
        Rajasthan
      </state>
    </address>
    <marks>
      92
    </marks>
  </student>
</school>